index,dataset,type,m,beamwidth,X-threshold,spntype,rows,cols,threshold,searchstrategy,explainstrategy,AUC,X-Sens-iforest,X-Prec-iforest,X-Sens-copod,X-Prec-copod,X-Sens-hbos,X-Prec-hbos,TrainTime,X-Time,i
0,arrhythmia_pca,outlier,200,10,1.0,gaussian,gmm,rdc,0.3,beamsearch,threshold,0.8090752080389385,0.7684343434343435,0.692929292929293,0.6224747474747475,0.6545454545454545,0.8257575757575758,0.5808080808080809,0.4220992720001959,0.8115844189997006,0.0
1,arrhythmia_pca,outlier,200,10,1.0,gaussian,gmm,rdc,0.3,beamsearch,zscore,0.8090752080389385,0.5300505050505051,0.9318181818181818,0.3396464646464646,0.7196969696969697,0.6174242424242424,0.7727272727272727,0.1438363239994942,0.808992408999984,1.0
2,arrhythmia_pca,outlier,200,10,1.0,gaussian,gmm,rdc,0.3,simplify,threshold,0.8090752080389385,0.6138888888888889,0.8795454545454545,0.4494949494949495,0.7095959595959596,0.696969696969697,0.7237373737373737,0.14496996899924852,0.1907048550001491,2.0
